1330,ABDU,American Black Duck
1337,ABDX,American Black Duck Dominant X Mallard Hybrid
5920,ABTO,Abert's Towhee
3621,ACCA,Audubon's Crested Caracara
4650,ACFL,Acadian Flycatcher
1721,ACGO,Aleutian Canada Goose
4364,ACHU,Antillean Crested Hummingbird
4070,ACWO,Acorn Woodpecker
8504,ADPE,Adelie Penguin
6641,ADWA,Adelaide's Warbler
3152,AFCD,African Collared-Dove
3651,AFOW,Ashy-faced Owl
8514,AFPE,African Penguin
8100,AFSI,African Silverbill
1390,AGWT,Green-winged Teal
7960,AKEK,Akekee
7950,AKEP,Akepa
7900,AKIK,Akikiki
7890,AKIP,Akiapolaau
8010,AKOH,Akohekohe
4661,ALFL,Alder Flycatcher
4340,ALHU,Allen's Hummingbird
5031,ALOR,Altamira Oriole
730,ALTE,Aleutian Tern
2250,AMAV,American Avocet
1900,AMBI,American Bittern
2210,AMCO,American Coot
4880,AMCR,American Crow
7010,AMDI,American Dipper
1820,AMFL,American Flamingo
5290,AMGO,American Goldfinch
2720,AMGP,American Golden-Plover
3600,AMKE,American Kestrel
232,AMMU,Alaska Marbled Murrelet
2860,AMOY,American Oystercatcher
6970,AMPI,American Pipit
6870,AMRE,American Redstart
7610,AMRO,American Robin
1370,AMWI,American Wigeon
2280,AMWO,American Woodcock
6061,ANEU,Antillean Euphonia
1180,ANHI,Anhinga
4310,ANHU,Anna's Hummingbird
7840,ANIA,Anianiau
9067,ANMA,Antillean Mango
210,ANMU,Ancient Murrelet
4201,ANNI,Antillean Nighthawk
8532,ANPE,Antarctic Petrel
8548,ANTE,Antarctic Tern
8020,APAP,Apapane
3590,APFA,Aplomado Falcon
90,ARLO,Arctic Loon
9141,ARRW,Arrowhead Warbler
710,ARTE,Arctic Tern
7470,ARWA,Arctic Warbler
3980,ARWO,Arizona Woodpecker
1080,ASSP,Ashy Storm-Petrel
1730,ATBR,Atlantic Brant
4540,ATFL,Ash-throated Flycatcher
130,ATPU,Atlantic Puffin
5590,ATSP,American Tree Sparrow
4010,ATTW,American Three-toed Woodpecker
5030,AUOR,Audubon's Oriole
920,AUSH,Audubon's Shearwater
6560,AUWA,Audubon's Warbler
1250,AWPE,American White Pelican
7631,AZTH,Aztec Thrush
1731,BABI,Black X Atlantic Brant Intergrade
7532,BACG,Baja Gnatcatcher
5750,BACS,Bachman's Sparrow
3520,BAEA,Bald Eagle
1520,BAGO,Barrow's Goldeneye
5044,BAHO,Bahama Oriole
6151,BAHS,Bahama Swallow
5450,BAIS,Baird's Sparrow
7031,BAMO,Bahama Mockingbird
6350,BANA,Bananaquit
1062,BANP,Band-rumped Storm-Petrel
6160,BANS,Bank Swallow
5070,BAOR,Baltimore Oriole
2500,BARG,Bar-tailed Godwit
6130,BARS,Barn Swallow
6642,BARW,Barbuda Warbler
2410,BASA,Baird's Sandpiper
1391,BATE,Baikal Teal
4371,BAWO,Bahama Woodstar
6360,BAWW,Black-and-white Warbler
9145,BAYE,Bahama Yellowthroat
822,BBAL,Black-browed Albatross
3880,BBCU,Black-billed Cuckoo
4700,BBFL,Buff-breasted Flycatcher
9184,BBGR,Blue-black Grassquit
4410,BBLH,Broad-billed Hummingbird
4750,BBMA,Black-billed Magpie
5078,BBOH,Baltimore X Bullock's Oriole Hybrid
2700,BBPL,Black-bellied Plover
8528,BBPR,Broad-billed Prion
2161,BBRA,Buff-banded Rail
2620,BBSA,Buff-breasted Sandpiper
6600,BBWA,Bay-breasted Warbler
1770,BBWD,Black-bellied Whistling-Duck
4000,BBWO,Black-backed Woodpecker
7350,BCCH,Black-capped Chickadee
4530,BCFL,Brown-crested Flycatcher
7531,BCGN,Black-capped Gnatcatcher
4290,BCHU,Black-chinned Hummingbird
3815,BCLO,Blue-crowned Lorikeet
2020,BCNH,Black-crowned Night-Heron
4161,BCNI,Buff-collared Nightjar
5042,BCOR,Black-cowled Oriole
980,BCPE,Black-capped Petrel
5260,BCRF,Brown-capped Rosy-Finch
5650,BCSP,Black-chinned Sparrow
7320,BCTI,Black-crested Titmouse
6300,BCVI,Black-capped Vireo
3680,BDOW,Barred Owl
8541,BECO,Blue-eyed Cormorant
4381,BEHU,Berylline Hummingbird
3900,BEKI,Belted Kingfisher
5744,BESP,Bell's Sparrow
1801,BESW,Bewick's Swan
7080,BETH,Bendire's Thrasher
6330,BEVI,Bell's Vireo
7190,BEWR,Bewick's Wren
810,BFAL,Black-footed Albatross
1141,BFBO,Blue-footed Booby
6030,BFGR,Black-faced Grassquit
7510,BGGN,Blue-gray Gnatcatcher
792,BGNO,Blue-gray Noddy
1698,BGSG,Blue Greater Snow Goose
4950,BHCO,Brown-headed Cowbird
5960,BHGR,Black-headed Grosbeak
551,BHGU,Black-headed Gull
7290,BHNU,Brown-headed Nuthatch
3811,BHPA,Black-headed Parakeet
6290,BHVI,Blue-headed Vireo
6223,BIOO,Bishop's Oo
7571,BITH,Bicknell's Thrush
2520,BLAG,Black-tailed Godwit
1740,BLBR,Black Brant
5971,BLBU,Blue Bunting
6620,BLBW,Blackburnian Warbler
8740,BLDR,Black Drongo
1691,BLGO,Blue Goose
5970,BLGR,Blue Grosbeak
270,BLGU,Black Guillemot
4770,BLJA,Blue Jay
400,BLKI,Black-legged Kittiwake
791,BLNO,Black Noddy
2870,BLOY,Black Oystercatcher
8527,BLPE,Blue Petrel
4580,BLPH,Black Phoebe
6610,BLPW,Blackpoll Warbler
2160,BLRA,Black Rail
5250,BLRF,Black Rosy-Finch
1630,BLSC,Black Scoter
800,BLSK,Black Skimmer
1070,BLSP,Black Storm-Petrel
4220,BLSW,Black Swift
770,BLTE,Black Tern
2840,BLTU,Black Turnstone
7640,BLUE,Bluethroat
4270,BLUH,Blue-throated Hummingbird
3260,BLVU,Black Vulture
3650,BNOW,Barn Owl
2260,BNST,Black-necked Stilt
731,BNTE,Black-naped Tern
4940,BOBO,Bobolink
7400,BOCH,Boreal Chickadee
600,BOGU,Bonaparte's Gull
3710,BOOW,Boreal Owl
991,BOPE,Bonin Petrel
5760,BOSP,Botteri's Sparrow
6180,BOWA,Bohemian Waxwing
1220,BRAC,Brandt's Cormorant
5141,BRAM,Brambling
5100,BRBL,Brewer's Blackbird
1150,BRBO,Brown Booby
7260,BRCR,Brown Creeper
4832,BRJA,Brown Jay
8101,BRMA,Bronze Mannikin
1750,BRNG,Barnacle Goose
790,BRNO,Brown Noddy
4960,BROC,Bronzed Cowbird
1260,BRPE,Brown Pelican
3222,BRQD,Bridled Quail-Dove
6211,BRSH,Brown Shrike
8554,BRSK,Brown Skua
5620,BRSP,Brewer's Sparrow
760,BRTE,Bridled Tern
7050,BRTH,Brown Thrasher
7340,BRTI,Bridled Titmouse
9116,BRTR,Brown Trembler
6412,BRWA,Brewster's Warbler
8700,BRWE,Bridled White-eye
8080,BRWX,Black-rumped Waxbill
5430,BSSP,Belding's Savannah Sparrow
6540,BTBW,Black-throated Blue Warbler
2680,BTCU,Bristle-thighed Curlew
7520,BTGN,Black-tailed Gnatcatcher
5130,BTGR,Boat-tailed Grackle
542,BTGU,Band-tailed Gull
4320,BTLH,Broad-tailed Hummingbird
6670,BTNW,Black-throated Green Warbler
3814,BTPA,Brown-throated Parakeet
3120,BTPI,Band-tailed Pigeon
5730,BTSP,Black-throated Sparrow
6650,BTYW,Black-throated Gray Warbler
8521,BUAL,Buller's Albatross
1530,BUFF,Bufflehead
4390,BUFH,Buff-bellied Hummingbird
4350,BUHU,Bumblebee Hummingbird
962,BULS,Buller's Shearwater
5080,BUOR,Bullock's Oriole
3780,BUOW,Burrowing Owl
1010,BUPE,Bulwer's Petrel
7430,BUSH,Bushtit
5041,BVOR,Black-vented Oriole
930,BVSH,Black-vented Shearwater
6951,BWAG,Black-backed Wagtail
3430,BWHA,Broad-winged Hawk
992,BWPE,Black-winged Petrel
1400,BWTE,Blue-winged Teal
6230,BWVI,Black-whiskered Vireo
6410,BWWA,Blue-winged Warbler
160,CAAU,Cassin's Auklet
1722,CACG,Cackling Goose
7360,CACH,Carolina Chickadee
7130,CACW,Cactus Wren
3181,CADO,Caribbean Dove
2001,CAEG,Cattle Egret
4721,CAEL,Caribbean Elaenia
5180,CAFI,Cassin's Finch
7530,CAGN,California Gnatcatcher
1720,CAGO,Canada Goose
530,CAGU,California Gull
8660,CAHO,Cardinal Honeyeater
4360,CAHU,Calliope Hummingbird
4480,CAKI,Cassin's Kingbird
3240,CALC,California Condor
5911,CALT,California Towhee
6113,CAMA,Caribbean Martin
5910,CANT,Canyon Towhee
1470,CANV,Canvasback
7170,CANW,Canyon Wren
1020,CAPE,Cape Petrel
2211,CARC,Caribbean Coot
7180,CARW,Carolina Wren
5780,CASP,Cassin's Sparrow
6121,CASW,Cave Swallow
640,CATE,Caspian Tern
7100,CATH,California Thrasher
6292,CAVI,Cassin's Vireo
6860,CAWA,Canada Warbler
671,CAYT,Cayenne Tern
7410,CBCH,Chestnut-backed Chickadee
3450,CBHA,Common Black Hawk
7070,CBTH,Curve-billed Thrasher
5380,CCLO,Chestnut-collared Longspur
5610,CCSP,Clay-colored Sparrow
7621,CCTH,Clay-colored Thrush
6190,CEDW,Cedar Waxwing
6580,CERW,Cerulean Warbler
2532,CGRE,Common Greenshank
3825,CHCO,Cherry-head Conure
8505,CHPE,Chinstrap Penguin
4870,CHRA,Chihuahuan Raven
963,CHSH,Christmas Shearwater
5600,CHSP,Chipping Sparrow
4230,CHSW,Chimney Swift
1410,CITE,Cinnamon Teal
11,CLGR,Clark's Grebe
4910,CLNU,Clark's Nutcracker
2110,CLRA,Clapper Rail
6120,CLSW,Cliff Swallow
743,CLTE,California Least Tern
6500,CMWA,Cape May Warbler
5331,COCA,Common Canary
5143,COCH,Common Chaffinch
1590,COEI,Common Eider
4640,COFL,Cordilleran Flycatcher
2190,COGA,Common Gallinule
3200,COGD,Common Ground-Dove
1510,COGO,Common Goldeneye
5110,COGR,Common Grackle
3330,COHA,Cooper's Hawk
4300,COHU,Costa's Hummingbird
4461,COKI,Couch's Kingbird
8630,COLK,Collared Kingfisher
70,COLO,Common Loon
6471,COLW,Colima Warbler
1290,COME,Common Merganser
300,COMU,Common Murre
8081,COMW,Common Waxbill
4932,COMY,Common Myna
4200,CONI,Common Nighthawk
6780,CONW,Connecticut Warbler
4190,COPA,Common Pauraque
983,COPE,Cook's Petrel
4180,COPO,Common Poorwill
4860,CORA,Common Raven
5280,CORE,Common Redpoll
5161,CORO,Common Rosefinch
2631,COSA,Common Sandpiper
880,COSH,Cory's Shearwater
2290,COSN,Common Snipe
700,COTE,Common Tern
6810,COYE,Common Yellowthroat
1461,CPOC,Common Pochard
180,CRAU,Crested Auklet
3620,CRCA,Crested Caracara
260,CRMU,Craveri's Murrelet
4931,CRMY,Crested Myna
2750,CRPL,Common Ringed Plover
2111,CRRA,California Ridgway's Rail
652,CRTE,Crested Tern
7120,CRTH,Crissal Thrasher
3691,CSOW,California Spotted Owl
5511,CSSS,Cape Sable Seaside Sparrow
6590,CSWA,Chestnut-sided Warbler
6031,CUGR,Cuban Grassquit
5043,CUOR,Cuban Oriole
4621,CUPE,Cuban Pewee
2440,CUSA,Curlew Sandpiper
4160,CWWI,Chuck-will's-widow
1200,DCCO,Double-crested Cormorant
4550,DCFL,Dusky-capped Flycatcher
6040,DICK,Dickcissel
8529,DOPR,Dove Prion
340,DOVE,Dovekie
3940,DOWO,Downy Woodpecker
7720,DSFL,Dark-sided Flycatcher
5510,DSSP,Dusky Seaside Sparrow
4690,DUFL,Dusky Flycatcher
2430,DUNL,Dunlin
7614,DUTH,Dusky Thrush
7474,DUWA,Dusky Warbler
7660,EABL,Eastern Bluebird
3161,EADO,Eared Dove
40,EAGR,Eared Grebe
4440,EAKI,Eastern Kingbird
5010,EAME,Eastern Meadowlark
4560,EAPH,Eastern Phoebe
3891,EAQU,Eared Quetzal
3730,EASO,Eastern Screech-Owl
5870,EATO,Eastern Towhee
4610,EAWP,Eastern Wood-Pewee
3159,ECDO,Eurasian Collared-Dove
1380,EGWT,European Green-winged Teal
3810,ELOW,Elf Owl
660,ELTE,Elegant Tern
3890,ELTR,Elegant Trogon
1760,EMGO,Emperor Goose
8502,EMPE,Emperor Penguin
6883,ETSP,Eurasian Tree Sparrow
5160,EUBU,Eurasian Bullfinch
2691,EUDO,Eurasian Dotterel
5261,EUGO,European Goldfinch
2710,EUGP,European Golden-Plover
3591,EUKE,Eurasian Kestrel
4730,EUSK,Eurasian Skylark
4930,EUST,European Starling
1360,EUWI,Eurasian Wigeon
2270,EUWO,Eurasian Woodcock
5140,EVGR,Evening Grosbeak
5541,EWCS,Eastern White-crowned Sparrow
4170,EWPW,Eastern Whip-poor-will
6581,EWWA,Elfin-woods Warbler
7613,EYTH,Eyebrowed Thrush
6960,EYWA,Eastern Yellow Wagtail
8512,FAPE,Fairy Penguin
8531,FAPR,Fairy Prion
1371,FATE,Falcated Teal
6071,FCTA,Flame-colored Tanager
3480,FEHA,Ferruginous Hawk
3800,FEPO,Ferruginous Pygmy-Owl
951,FFSH,Flesh-footed Shearwater
5464,FGSP,Florida Grasshopper Sparrow
4900,FICR,Fish Crow
7612,FIEL,Fieldfare
8691,FISH,Fiji Shrikebill
5630,FISP,Field Sparrow
4123,FLIN,Flicker Intergrade
3740,FLOW,Flammulated Owl
4790,FLSJ,Florida Scrub-Jay
5850,FOSP,Fox Sparrow
690,FOTE,Forster's Tern
590,FRGU,Franklin's Gull
5742,FSSP,Five-striped Sparrow
4420,FTFL,Fork-tailed Flycatcher
1050,FTSP,Fork-tailed Storm-Petrel
6881,FTWA,Fan-tailed Warbler
1780,FUWD,Fulvous Whistling-Duck
9178,GABU,Greater Antillean Bullfinch
1350,GADW,Gadwall
9101,GAEL,Greater Antillean Elaenia
5131,GAGR,Greater Antillean Grackle
8517,GALP,Galapagos Penguin
1392,GARG,Garganey
3840,GBAN,Groove-billed Ani
470,GBBG,Great Black-backed Gull
1940,GBHE,Great Blue Heron
6112,GBMA,Gray-breasted Martin
8538,GBSP,Gray-backed Storm-Petrel
630,GBTE,Gull-billed Tern
6416,GBWH,Golden-winged x Blue-winged Warbler Hybrid
7579,GCBT,Unidentified Gray-cheeked/Bicknell's Thrush
4520,GCFL,Great Crested Flycatcher
7480,GCKI,Golden-crowned Kinglet
5240,GCRF,Gray-crowned Rosy-Finch
5570,GCSP,Golden-crowned Sparrow
7570,GCTH,Gray-cheeked Thrush
6660,GCWA,Golden-cheeked Warbler
6821,GCYE,Gray-crowned Yellowthroat
8503,GEPE,Gentoo Penguin
4100,GFWO,Golden-fronted Woodpecker
3700,GGOW,Great Gray Owl
8522,GHAL,Gray-headed Albatross
7390,GHCH,Gray-headed Chickadee
5690,GHJU,Gray-headed Junco
3750,GHOW,Great Horned Owl
4140,GIFL,Gilded Flicker
4110,GIWO,Gila Woodpecker
3910,GKIN,Green Kingfisher
4490,GKIS,Great Kiskadee
420,GLGU,Glaucous Gull
1860,GLIB,Glossy Ibis
8791,GMKI,Guam Micronesian Kingfisher
7423,GNLA,Greater Necklaced Laughingthrush
3490,GOEA,Golden Eagle
6920,GOLW,Golden-crowned Warbler
8710,GOWE,Golden White-eye
4840,GRAJ,Gray Jay
4450,GRAK,Gray Kingbird
761,GRAT,Gray-backed Tern
6961,GRAW,Gray Wagtail
5353,GRBU,Gray Bunting
7040,GRCA,Gray Catbird
1190,GRCO,Great Cormorant
7870,GREA,Greater Akialoa
1960,GREG,Great Egret
4830,GREJ,Green Jay
4711,GREL,Greenish Elaenia
4366,GREM,Green-breasted Mango
4691,GRFL,Gray Flycatcher
1281,GRFR,Great Frigatebird
3460,GRHA,Gray Hawk
2010,GRHE,Green Heron
4362,GRMA,Green Mango
4600,GRPE,Greater Pewee
3850,GRRO,Greater Roadrunner
1480,GRSC,Greater Scaup
890,GRSH,Great Shearwater
350,GRSK,Great Skua
5460,GRSP,Grasshopper Sparrow
6340,GRVI,Gray Vireo
6640,GRWA,Grace's Warbler
2540,GRYE,Greater Yellowlegs
7730,GSFL,Gray-streaked Flycatcher
1699,GSGO,Greater Snow Goose
4363,GTCA,Green-throated Carib
5120,GTGR,Great-tailed Grackle
2591,GTTA,Gray-tailed Tattler
5900,GTTO,Green-tailed Towhee
1201,GUCO,Guanay Cormorant
252,GUMU,Guadalupe Murrelet
8580,GUSW,Guam Swiftlet
4271,GVIO,Green Violetear
5550,GWCS,Gambel's White-crowned Sparrow
1710,GWFG,Greater White-fronted Goose
440,GWGU,Glaucous-winged Gull
1920,GWHE,Great White Heron
6420,GWWA,Golden-winged Warbler
3540,GYRF,Gyrfalcon
7820,HAAM,Hawaii Amakihi
2201,HACO,Hawaiian Coot
7700,HAEL,Hawaii Elepaio
4680,HAFL,Hammond's Flycatcher
2191,HAGA,Hawaiian Gallinule
1751,HAGO,Hawaiian Goose
985,HAPE,Hawaiian Petrel
1550,HARD,Harlequin Duck
5530,HASP,Harris's Sparrow
2261,HAST,Hawaiian Stilt
1321,HAWD,Hawaiian Duck
5142,HAWF,Hawfinch
3930,HAWO,Hairy Woodpecker
3271,HBKI,Hook-billed Kite
7910,HCRE,Hawaii Creeper
4892,HCRO,Hawaiian Crow
725,HCRT,Common Tern X Roseate Tern Hybrid
570,HEEG,Heermann's Gull
510,HERG,Herring Gull
5470,HESP,Henslow's Sparrow
6090,HETA,Hepatic Tanager
7590,HETH,Hermit Thrush
6690,HEWA,Hermit Warbler
4934,HIMY,Hill Myna
5046,HIOR,Hispaniolan Oriole
4624,HIPE,Hispaniolan Pewee
6103,HISP,Hispaniolan Spindalis
5190,HOFI,House Finch
30,HOGR,Horned Grebe
4740,HOLA,Horned Lark
1310,HOME,Hooded Merganser
5050,HOOR,Hooded Oriole
140,HOPU,Horned Puffin
5270,HORE,Hoary Redpoll
6882,HOSP,House Sparrow
6840,HOWA,Hooded Warbler
7210,HOWR,House Wren
3812,HPKT,Hispaniolan Parakeet
3827,HPRT,Hispaniolan Parrot
3380,HRLH,Harlan's Hawk
3350,HRSH,Harris's Hawk
2510,HUGO,Hudsonian Godwit
8515,HUPE,Humboldt Penguin
6320,HUVI,Hutton's Vireo
7422,HWAM,Hwamei
3441,HWHA,Hawaiian Hawk
816,HYAL,Hybrid Albatross
7676,HYBL,Hybrid Western/Mountain Bluebird
7356,HYCH,Hybrid Chickadee
446,HYGU,Hybrid Gull
4408,HYHU,Hybrid Hummingbird
9986,HYNO,Hybrid Nonpasserine
9996,HYPA,Hybrid Passerine
4023,HYSA,Hybrid Sapsucker
8552,HYSK,Hybrid Skua
706,HYTE,Hybrid Tern
5906,HYTO,Hybrid Towhee
6366,HYWA,Hybrid Warbler
3920,IBWO,Ivory-billed Woodpecker
430,ICGU,Iceland Gull
5912,ICTO,Inyo California Towhee
7980,IIWI,Iiwi
5986,ILBH,Indigo X Lazuli Bunting Hybrid
742,ILTE,Interior Least Tern
5980,INBU,Indigo Bunting
3210,INDO,Inca Dove
5410,IPSP,Ipswich Sparrow
4811,ISSJ,Island Scrub-Jay
390,IVGU,Ivory Gull
7461,JABW,Japanese Bush-Warbler
9107,JACR,Jamaican Crow
9102,JAEL,Jamaican Elaenia
9153,JAEU,Jamaican Euphonia
4361,JAMA,Jamaican Mango
6105,JAMS,Jamaican Spindalis
9169,JAOR,Jamaican Oriole
4623,JAPE,Jamaican Pewee
9081,JATO,Jamaican Tody
9132,JAVI,Jamaican Vireo
8130,JAVS,Java Sparrow
6226,JAWE,Japanese White-eye
987,JFPE,Juan Fernandez Petrel
4935,JUMY,Jungle Myna
7331,JUTI,Juniper Titmouse
7830,KAAM,Kauai Amakihi
7702,KAEL,Kauai Elepaio
7930,KAKA,Kakawahie
7543,KAMA,Kamao
6221,KAOO,Kauai Oo
8536,KEPE,Kerguelen Petrel
8549,KETE,Kerguelen Tern
6770,KEWA,Kentucky Warbler
1620,KIEI,King Eider
2730,KILL,Killdeer
240,KIMU,Kittlitz's Murrelet
8501,KIPE,King Penguin
2080,KIRA,King Rail
6700,KIWA,Kirtland's Warbler
3220,KWQD,Key West Quail-Dove
821,LAAL,Laysan Albatross
1322,LADU,Laysan Duck
7740,LAFI,Laysan Finch
5310,LAGO,Lawrence's Goldfinch
580,LAGU,Laughing Gull
5360,LALO,Lapland Longspur
7475,LANW,Lanceolated Warbler
4622,LAPE,Lesser Antillean Pewee
6050,LARB,Lark Bunting
5520,LASP,Lark Sparrow
8060,LAVW,Lavender Waxbill
6413,LAWA,Lawrence's Warbler
5990,LAZB,Lazuli Bunting
500,LBBG,Lesser Black-backed Gull
2640,LBCU,Long-billed Curlew
2320,LBDO,Long-billed Dowitcher
2000,LBHE,Little Blue Heron
231,LBMU,Long-billed Murrelet
5440,LBSP,Large-billed Sparrow
7060,LBTH,Long-billed Thrasher
6334,LBVI,Least Bell's Vireo
3960,LBWO,Ladder-backed Woodpecker
1723,LCGO,Large Canada Goose
5480,LCSP,Le Conte's Sparrow
7110,LCTH,Le Conte's Thrasher
200,LEAU,Least Auklet
1910,LEBI,Least Bittern
4670,LEFL,Least Flycatcher
1282,LEFR,Lesser Frigatebird
5300,LEGO,Lesser Goldfinch
2729,LEGP,Lesser Golden-Plover
50,LEGR,Least Grebe
4210,LENI,Lesser Nighthawk
3660,LEOW,Long-eared Owl
2420,LESA,Least Sandpiper
6022,LESB,Lesser Antillean Bullfinch
1490,LESC,Lesser Scaup
4554,LESF,Lesser Antillean Flycatcher
8544,LESH,Lesser Sheathbill
740,LETE,Least Tern
4080,LEWO,Lewis's Woodpecker
2550,LEYE,Lesser Yellowlegs
2112,LFRR,Light-footed Ridgway's Rail
1060,LHSP,Leach's Storm-Petrel
5352,LIBU,Little Bunting
601,LIGU,Little Gull
2070,LIMP,Limpkin
921,LISH,Little Shearwater
5830,LISP,Lincoln's Sparrow
741,LITE,Little Tern
8524,LMSA,Light-mantled Albatross
4452,LOKI,Loggerhead Kingbird
6220,LOSH,Loggerhead Shrike
6760,LOWA,Louisiana Waterthrush
2790,LRSP,Lesser Sand-Plover
4551,LSFL,La Sagra's Flycatcher
1690,LSGO,Lesser Snow Goose
8750,LTCU,Long-tailed Cuckoo
1540,LTDU,Long-tailed Duck
380,LTJA,Long-tailed Jaeger
1030,LTSP,Least Storm-Petrel
2423,LTST,Long-toed Stint
4370,LUHU,Lucifer Hummingbird
6430,LUWA,Lucy's Warbler
1713,LWFG,Lesser White-fronted Goose
7920,MAAL,Maui Alauahio
1140,MABO,Masked Booby
8510,MACP,Macaroni Penguin
3860,MACU,Mangrove Cuckoo
1680,MADU,Masked Duck
3155,MAFD,Mariana Fruit Dove
1280,MAFR,Magnificent Frigatebird
2490,MAGO,Marbled Godwit
8516,MAGP,Magellanic Penguin
391,MAGU,Magellan Gull
4260,MAHU,Magnificent Hummingbird
1320,MALL,Mallard
1327,MALX,Mallard Dominant X American Black Duck Hybrid
230,MAMU,Marbled Murrelet
7810,MAPA,Maui Parrotbill
8570,MARC,Mariana Crow
2562,MASA,Marsh Sandpiper
900,MASH,Manx Shearwater
8800,MASW,Mariana Swiftlet
6570,MAWA,Magnolia Warbler
7250,MAWR,Marsh Wren
1326,MBDH,Mallard X American Black Duck Hybrid
1325,MBDX,Mallard X American Black Duck Intermediate
8760,MCFD,Many-colored Fruit Dove
5390,MCLO,McCown's Longspur
2192,MCMO,Mariana Common Moorhen
7370,MECH,Mexican Chickadee
1331,MEDU,Mexican Duck
550,MEGU,Mew Gull
4820,MEJA,Mexican Jay
3570,MERL,Merlin
6800,MGWA,MacGillivray's Warbler
1323,MHDH,Mallard X Hawaiian Duck Hybrid
8790,MICK,Micronesian Kingfisher
7471,MIGW,Middendorff's Grasshopper-Warbler
8680,MIHO,Micronesian Honeyeater
3290,MIKI,Mississippi Kite
7462,MILL,Millerbird
8600,MIME,Micronesian Megapode
8720,MIST,Micronesian Starling
5350,MKBU,McKay's Bunting
7680,MOBL,Mountain Bluebird
7380,MOCH,Mountain Chickadee
3160,MODO,Mourning Dove
1340,MODU,Mottled Duck
3824,MOPA,Monk Parakeet
990,MOPE,Mottled Petrel
2810,MOPL,Mountain Plover
6790,MOWA,Mourning Warbler
2061,MSCR,Mississippi Sandhill Crane
3693,MSOW,Mexican Spotted Owl
1441,MUDU,Muscovy Duck
1001,MUPE,Murphy's Petrel
1782,MUSW,Mute Swan
5546,MWCS,Mountain White-crowned Sparrow
4172,MWPW,Mexican Whip-poor-will
6550,MYWA,Myrtle Warbler
1142,NABO,Nazca Booby
6450,NAWA,Nashville Warbler
4720,NBTY,Northern Beardless-Tyrannulet
1210,NECO,Neotropic Cormorant
932,NESH,Newell's Shearwater
5491,NESP,Nelson's Sparrow
8553,NGPE,Northern Giant Petrel
3770,NHOW,Northern Hawk Owl
7750,NIFI,Nihoa Finch
8590,NIRW,Nightingale Reed Warbler
5930,NOCA,Northern Cardinal
4890,NOCR,Northwestern Crow
860,NOFU,Northern Fulmar
1170,NOGA,Northern Gannet
3340,NOGO,Northern Goshawk
3310,NOHA,Northern Harrier
2880,NOJA,Northern Jacana
2690,NOLA,Northern Lapwing
7030,NOMO,Northern Mockingbird
6480,NOPA,Northern Parula
1430,NOPI,Northern Pintail
3790,NOPO,Northern Pygmy-Owl
6750,NOWA,Northern Waterthrush
7650,NOWH,Northern Wheatear
8041,NRBI,Northern Red Bishop
6170,NRWS,Northern Rough-winged Swallow
1420,NSHO,Northern Shoveler
6210,NSHR,Northern Shrike
3692,NSOW,Northern Spotted Owl
3720,NSWO,Northern Saw-whet Owl
4531,NUFL,Nutting's Flycatcher
7880,NUKU,Nukupuu
3970,NUWO,Nuttall's Woodpecker
5560,NWCS,Nuttall's White-crowned Sparrow
7940,OAAL,Oahu Alauahio
7821,OAAM,Oahu Amakihi
7701,OAEL,Oahu Elepaio
7330,OATI,Oak Titmouse
7424,OBNT,Orange-billed Nightingale-Thrush
6983,OBPI,Olive-backed Pipit
6460,OCWA,Orange-crowned Warbler
3813,OFPA,Orange-fronted Parakeet
1436,OHDU,Other Hybrid Duck
1716,OHGO,Other Hybrid Goose
9138,OLIW,Olive-capped Warbler
7545,OLOM,Olomao
5860,OLSP,Olive Sparrow
6510,OLWA,Olive Warbler
7541,OMAO,Omao
9151,ORAN,Orangequit
8070,ORAW,Orange-cheeked Waxbill
5262,ORGR,Oriental Greenfinch
5671,ORJU,Oregon Junco
5060,OROR,Orchard Oriole
4590,OSFL,Olive-sided Flycatcher
3640,OSPR,Osprey
7760,OU,Ou
6740,OVEN,Ovenbird
3829,OWPA,Orange-winged Parrot
170,PAAU,Parakeet Auklet
6010,PABU,Painted Bunting
2721,PAGP,Pacific Golden-Plover
370,PAJA,Parasitic Jaeger
5354,PALB,Pallas's Bunting
7770,PALI,Palila
100,PALO,Pacific Loon
8770,PAPI,Pacific Pigeon
6880,PARE,Painted Redstart
7221,PAWR,Pacific Wren
60,PBGR,Pied-billed Grebe
3432,PBWH,Puerto Rican Broad-winged Hawk
8620,PCFD,Purple-capped Fruit Dove
4261,PCST,Plain-capped Starthroat
1230,PECO,Pelagic Cormorant
3560,PEFA,Peregrine Falcon
6981,PEPI,Pechora Pipit
2390,PESA,Pectoral Sandpiper
7111,PETH,Pearly-eyed Thrasher
1712,PFGO,Pink-footed Goose
910,PFSH,Pink-footed Shearwater
6200,PHAI,Phainopepla
988,PHPE,Phoenix Petrel
3158,PHTD,Philippine Turtle-Dove
6260,PHVI,Philadelphia Vireo
5150,PIGR,Pine Grosbeak
290,PIGU,Pigeon Guillemot
4920,PIJA,Pinyon Jay
2770,PIPL,Piping Plover
5330,PISI,Pine Siskin
6710,PIWA,Pine Warbler
4050,PIWO,Pileated Woodpecker
3121,PLPI,Plain Pigeon
7339,PLTI,Plain Titmouse
6291,PLVI,Plumbeous Vireo
360,POJA,Pomarine Jaeger
8650,POST,Polynesian Starling
8040,POUL,Poo-uli
6730,PRAW,Prairie Warbler
4402,PREM,Puerto Rican Emerald
3550,PRFA,Prairie Falcon
4552,PRFL,Puerto Rican Flycatcher
1969,PRHE,Pacific Reef Heron
3851,PRLC,Puerto Rican Lizard-Cuckoo
4171,PRNI,Puerto Rican Nightjar
5045,PROR,Puerto Rican Oriole
6370,PROW,Prothonotary Warbler
3828,PRPA,Puerto Rican Parrot
3122,PRPP,Puerto Rican Plain Pigeon
3734,PRSO,Puerto Rican Screech-Owl
6104,PRSP,Puerto Rican Spindalis
6102,PRTA,Puerto Rican Tanager
3912,PRTO,Puerto Rican Tody
6331,PRVI,Puerto Rican Vireo
4071,PRWO,Puerto Rican Woodpecker
4641,PSFL,Pacific-slope Flycatcher
3321,PSSH,Puerto Rican Sharp-shinned Hawk
5547,PSWS,Puget Sound White-crowned Sparrow
2301,PTSN,Pin-tailed Snipe
8131,PTWH,Pin-tailed Whydah
7542,PUAI,Puaiohi
6021,PUEB,Puerto Rican Bullfinch
5170,PUFI,Purple Finch
2180,PUGA,Purple Gallinule
6110,PUMA,Purple Martin
2350,PUSA,Purple Sandpiper
2181,PUSW,Purple Swamphen
7300,PYNU,Pygmy Nuthatch
5940,PYRR,Pyrrhuloxia
320,RAZO,Razorbill
5950,RBGR,Rose-breasted Grosbeak
540,RBGU,Ring-billed Gull
7421,RBLE,Red-billed Leiothrix
1300,RBME,Red-breasted Merganser
7280,RBNU,Red-breasted Nuthatch
3130,RBPI,Red-billed Pigeon
7622,RBRO,Rufous-backed Robin
4030,RBSA,Red-breasted Sapsucker
1130,RBTR,Red-billed Tropicbird
4090,RBWO,Red-bellied Woodpecker
5922,RCCA,Red-crested Cardinal
8050,RCCO,Red-cheeked Cordonbleu
7490,RCKI,Ruby-crowned Kinglet
3826,RCPA,Red-crowned Parrot
5800,RCSP,Rufous-crowned Sparrow
6921,RCWA,Rufous-capped Warbler
3950,RCWO,Red-cockaded Woodpecker
8090,REAV,Red Avadavat
5355,REBU,Reed Bunting
5210,RECR,Red Crossbill
1460,REDH,Redhead
7600,REDW,Redwing
1980,REEG,Reddish Egret
2340,REKN,Red Knot
2220,REPH,Red Phalarope
5321,RESI,Red Siskin
6240,REVI,Red-eyed Vireo
7642,RFBL,Red-flanked Bluetail
1160,RFBO,Red-footed Booby
1240,RFCO,Red-faced Cormorant
6900,RFWA,Red-faced Warbler
150,RHAU,Rhinoceros Auklet
4060,RHWO,Red-headed Woodpecker
3901,RIKI,Ringed Kingfisher
3470,RLHA,Rough-legged Hawk
410,RLKI,Red-legged Kittiwake
7623,RLTH,Red-legged Thrush
1500,RNDU,Ring-necked Duck
20,RNGR,Red-necked Grebe
2230,RNPH,Red-necked Phalarope
4021,RNSA,Red-naped Sapsucker
2422,RNST,Red-necked Stint
8519,ROAL,Royal Albatross
8508,ROCP,Rockhopper Penguin
1700,ROGO,Ross's Goose
610,ROGU,Ross's Gull
3431,ROHA,Roadside Hawk
2360,ROSA,Rock Sandpiper
1830,ROSP,Roseate Spoonbill
720,ROST,Roseate Tern
8810,ROWE,Rota White-eye
7150,ROWR,Rock Wren
8509,ROYP,Royal Penguin
650,ROYT,Royal Tern
2341,RRKN,Rufa Red Knot
4130,RSFL,Red-shafted Flicker
3390,RSHA,Red-shouldered Hawk
4411,RTBE,Rose-throated Becard
3370,RTHA,Red-tailed Hawk
4280,RTHU,Ruby-throated Hummingbird
110,RTLO,Red-throated Loon
6990,RTPI,Red-throated Pipit
9127,RTSO,Rufous-throated Solitaire
1131,RTTR,Red-tailed Tropicbird
5090,RUBL,Rusty Blackbird
5351,RUBU,Rustic Bunting
1670,RUDU,Ruddy Duck
8690,RUFA,Rufous Fantail
2600,RUFF,Ruff
4380,RUFH,Rufous-tailed Hummingbird
5581,RUFS,Rufous-collared Sparrow
3201,RUGD,Ruddy Ground-Dove
4330,RUHU,Rufous Hummingbird
3221,RUQD,Ruddy Quail-Dove
2830,RUTU,Ruddy Turnstone
7262,RVBU,Red-vented Bulbul
4980,RWBL,Red-winged Blackbird
7261,RWBU,Red-whiskered Bulbul
5790,RWSP,Rufous-winged Sparrow
2060,SACR,Sandhill Crane
5861,SAFI,Saffron Finch
9094,SAFL,Sad Flycatcher
620,SAGU,Sabine's Gull
5490,SALS,Saltmarsh Sparrow
2480,SAND,Sanderling
4570,SAPH,Say's Phoebe
8640,SAST,Samoan Starling
670,SATE,Sandwich Tern
7020,SATH,Sage Thrasher
5420,SAVS,Savannah Sparrow
3830,SBAN,Smooth-billed Ani
8546,SBBG,Southern Black-backed Gull
2310,SBDO,Short-billed Dowitcher
4510,SBFL,Sulphur-bellied Flycatcher
1695,SBGI,Snow X Blue Goose Intergrade
480,SBGU,Slaty-backed Gull
8110,SBMU,Scaly-breasted Munia
3686,SBOH,Spotted X Barred Owl Hybrid
5743,SBSP,Sagebrush Sparrow
5741,SCBS,San Clemente Bell's Sparrow
1729,SCGO,Small Canada Goose
1850,SCIB,Scarlet Ibis
5670,SCJU,Slate-colored Junco
251,SCMU,Scripps's Murrelet
5040,SCOR,Scott's Oriole
6080,SCTA,Scarlet Tanager
3670,SEOW,Short-eared Owl
2740,SEPL,Semipalmated Plover
2460,SESA,Semipalmated Sandpiper
5500,SESP,Seaside Sparrow
7240,SEWR,Sedge Wren
8525,SGPE,Southern Giant Petrel
823,SHAL,Shy Albatross
2380,SHAS,Sharp-tailed Sandpiper
4961,SHCO,Shiny Cowbird
8780,SHGD,Shy Ground Dove
4741,SHLA,Streaked Horned Lark
960,SHOS,Short-tailed Shearwater
9109,SHWR,Southern House Wren
7491,SIAC,Siberian Accentor
7641,SIRU,Siberian Rubythroat
6890,SLAR,Slate-throated Redstart
6227,SLSH,San Clemente Loggerhead Shrike
6643,SLWA,St. Lucia Warbler
5370,SMLO,Smith's Longspur
5340,SNBU,Snow Bunting
1970,SNEG,Snowy Egret
3300,SNKI,Snail Kite
3760,SNOW,Snowy Owl
8537,SNPE,Snow Petrel
3141,SNPI,Scaly-naped Pigeon
2780,SNPL,Snowy Plover
8543,SNSH,Snowy Sheathbill
8523,SOAL,Sooty Albatross
8526,SOFU,Southern Fulmar
2140,SORA,Sora
2560,SOSA,Solitary Sandpiper
950,SOSH,Sooty Shearwater
5810,SOSP,Song Sparrow
750,SOTE,Sooty Tern
6299,SOVI,Solitary Vireo
3151,SPDO,Spotted Dove
1580,SPEI,Spectacled Eider
5032,SPOO,Spot-breasted Oriole
2450,SPOS,Spoon-billed Sandpiper
3690,SPOW,Spotted Owl
7000,SPPI,Sprague's Pipit
2630,SPSA,Spotted Sandpiper
352,SPSK,South Polar Skua
5880,SPTO,Spotted Towhee
1703,SRGH,Snow X Ross's Goose Hybrid
3320,SSHA,Sharp-shinned Hawk
820,STAL,Short-tailed Albatross
1570,STEI,Steller's Eider
4430,STFL,Scissor-tailed Flycatcher
3440,STHA,Short-tailed Hawk
4780,STJA,Steller's Jay
3270,STKI,Swallow-tailed Kite
4553,STOF,Stolid Flycatcher
1003,STPE,Stejneger's Petrel
5051,STRO,Streak-backed Oriole
881,STRS,Streaked Shearwater
2330,STSA,Stilt Sandpiper
5499,STSP,Unidentified Sharp-tailed Sparrow
4231,STSW,Short-tailed Swift
9071,STTL,Streamertail
2820,SURF,Surfbird
1660,SUSC,Surf Scoter
6100,SUTA,Summer Tanager
6634,SUWA,Sutton's Warbler
4664,SWFL,Southwestern Willow Flycatcher
3420,SWHA,Swainson's Hawk
2302,SWSN,Swinhoe's Snipe
5840,SWSP,Swamp Sparrow
7580,SWTH,Swainson's Thrush
6380,SWWA,Swainson's Warbler
1711,TABG,Taiga Bean-Goose
4891,TACR,Tamaulipas Crow
7710,TAFL,Taiga Flycatcher
1004,TAPE,Tahiti Petrel
4451,TBKI,Thick-billed Kingbird
310,TBMU,Thick-billed Murre
3821,TBPA,Thick-billed Parrot
8530,TBPR,Thin-billed Prion
9130,TBVI,Thick-billed Vireo
6470,TEWA,Tennessee Warbler
431,THGU,Thayer's Gull
6686,THWH,Townsend's X Hermit Warbler Hybrid
8560,TIMO,Tinian Monarch
931,TOSH,Townsend's Shearwater
7540,TOSO,Townsend's Solitaire
6680,TOWA,Townsend's Warbler
5000,TRBL,Tricolored Blackbird
6140,TRES,Tree Swallow
4669,TRFL,Traill's Flycatcher
1990,TRHE,Tricolored Heron
4460,TRKI,Tropical Kingbird
7032,TRMO,Tropical Mockingbird
8120,TRMU,Tricolored Munia
6490,TRPA,Tropical Parula
922,TRSH,Tropical Shearwater
1071,TRSP,Tristram's Storm-Petrel
1810,TRUS,Trumpeter Swan
5001,TSBL,Tawny-shouldered Blackbird
1491,TUDU,Tufted Duck
120,TUPU,Tufted Puffin
7310,TUTI,Tufted Titmouse
3250,TUVU,Turkey Vulture
1719,TWFG,Tule White-fronted Goose
5677,UDEJ,Unidentified Dark-eyed Junco
4679,UNEM,Unidentified Empidonax
534,UNGU,Unidentified Gull
4409,UNHU,Unidentified Hummingbird
5276,UNRE,Unidentified Common/Hoary Redpoll
1401,UNTE,Unidentified Teal
2610,UPSA,Upland Sandpiper
5876,URST,Unidentified Rufous-sided Towhee
5740,USSP,Unspecified Sage Sparrow
6556,UYRW,Unknown Yellow-rumped Warbler
6000,VABU,Varied Bunting
4240,VASW,Vaux's Swift
7630,VATH,Varied Thrush
7341,VATI,Varied Tit
4391,VCHU,Violet-crowned Hummingbird
7560,VEER,Veery
4710,VEFL,Vermilion Flycatcher
7460,VERD,Verdin
5400,VESP,Vesper Sparrow
9166,VETR,Venezuelan Troupial
6150,VGSW,Violet-green Swallow
8506,VIPE,Victoria Penguin
2120,VIRA,Virginia Rail
6440,VIWA,Virginia's Warbler
811,WAAL,Wandering Albatross
8670,WAHO,Wattled Honeyeater
2590,WATA,Wandering Tattler
824,WAVA,Waved Albatross
6270,WAVI,Warbling Vireo
7270,WBNU,White-breasted Nuthatch
12,WCGR,Western/Clark's Grebe
8533,WCPE,White-chinned Petrel
3140,WCPI,White-crowned Pigeon
6020,WCSE,White-collared Seedeater
5540,WCSP,White-crowned Sparrow
9122,WCTH,White-chinned Thrush
7670,WEBL,Western Bluebird
4649,WEFL,Western Flycatcher
10,WEGR,Western Grebe
490,WEGU,Western Gull
4401,WEHU,White-eared Hummingbird
4470,WEKI,Western Kingbird
5011,WEME,Western Meadowlark
2470,WESA,Western Sandpiper
4810,WESJ,Western Scrub-Jay
3732,WESO,Western Screech-Owl
6101,WESP,Western Spindalis
6070,WETA,Western Tanager
9120,WETH,White-eyed Thrush
6310,WEVI,White-eyed Vireo
6390,WEWA,Worm-eating Warbler
4620,WEWP,Western Wood-Pewee
1870,WFIB,White-faced Ibis
1110,WFSP,White-faced Storm-Petrel
190,WHAU,Whiskered Auklet
2040,WHCR,Whooping Crane
1840,WHIB,White Ibis
2650,WHIM,Whimbrel
1431,WHIP,White-cheeked Pintail
781,WHIT,Whiskered Tern
1790,WHOS,Whooper Swan
3731,WHSO,Whiskered Screech-Owl
1101,WHSP,White-throated Storm-Petrel
1800,WHSW,Whistling Swan
793,WHTE,White Tern
6940,WHWA,White Wagtail
3990,WHWO,White-headed Woodpecker
4660,WIFL,Willow Flycatcher
2580,WILL,Willet
2240,WIPH,Wilson's Phalarope
2800,WIPL,Wilson's Plover
4040,WISA,Williamson's Sapsucker
2300,WISN,Wilson's Snipe
1090,WISP,Wilson's Storm-Petrel
6850,WIWA,Wilson's Warbler
1771,WIWD,West Indian Whistling-Duck
4092,WIWO,West Indian Woodpecker
7220,WIWR,Winter Wren
4871,WNCR,White-necked Crow
1440,WODU,Wood Duck
2561,WOSA,Wood Sandpiper
5640,WOSP,Worthen's Sparrow
1880,WOST,Wood Stork
7550,WOTH,Wood Thrush
7473,WOWA,Wood Warbler
6720,WPWA,Western Palm Warbler
7420,WREN,Wrentit
2400,WRSA,White-rumped Sandpiper
7690,WRSH,White-rumped Shama
1063,WRSP,Wedge-rumped Storm-Petrel
8610,WRSW,White-rumped Swiftlet
2781,WSPL,Western Snowy Plover
3180,WTDO,White-tipped Dove
3154,WTGD,White-throated Ground-Dove
3410,WTHA,White-tailed Hawk
3280,WTKI,White-tailed Kite
961,WTSH,Wedge-tailed Shearwater
5580,WTSP,White-throated Sparrow
4250,WTSW,White-throated Swift
1120,WTTR,White-tailed Tropicbird
4933,WVMY,White-vented Myna
5220,WWCR,White-winged Crossbill
3190,WWDO,White-winged Dove
5660,WWJU,White-winged Junco
1650,WWSC,White-winged Scoter
780,WWTE,White-winged Tern
3871,WYBC,Western Yellow-billed Cuckoo
250,XAMU,Xantus's Murrelet
5923,YBCA,Yellow-billed Cardinal
6830,YBCH,Yellow-breasted Chat
2131,YBCR,Yellow-breasted Crake
3870,YBCU,Yellow-billed Cuckoo
9099,YBEL,Yellow-bellied Elaenia
4630,YBFL,Yellow-bellied Flycatcher
80,YBLO,Yellow-billed Loon
4760,YBMA,Yellow-billed Magpie
4020,YBSA,Yellow-bellied Sapsucker
9182,YBSE,Yellow-bellied Seedeater
8042,YCBI,Yellow-crowned Bishop
2030,YCNH,Yellow-crowned Night-Heron
1911,YEBI,Yellow Bittern
5961,YEGR,Yellow Grosbeak
5700,YEJU,Yellow-eyed Junco
2150,YERA,Yellow Rail
6520,YEWA,Yellow Warbler
5332,YFCA,Yellow-fronted Canary
6032,YFGR,Yellow-faced Grassquit
491,YFGU,Yellow-footed Gull
6250,YGVI,Yellow-green Vireo
4970,YHBL,Yellow-headed Blackbird
830,YNAL,Yellow-nosed Albatross
6729,YPWA,Yellow Palm Warbler
2113,YRRA,Yuma Ridgway's Rail
5002,YSBL,Yellow-shouldered Blackbird
4120,YSFL,Yellow-shafted Flicker
9176,YSGR,Yellow-shouldered Grassquit
6280,YTVI,Yellow-throated Vireo
6630,YTWA,Yellow-throated Warbler
3153,ZEBD,Zebra Dove
3170,ZEND,Zenaida Dove
5586,ZSHY,Zonotrichia Sparrow Hybrid
3400,ZTHA,Zone-tailed Hawk
,,
,,
,,
,,
,,
,,
,,
,,
,,
,,
,,
,,
,,
,,
,,
,,
,,
,,
,,
,,
,,
,,
,,
,,
,,
,,
,,
,,
,,
,,
,,
,,
,,
,,
,,
,,
,,
,,
,,
,,
,,
,,
,,
,,
,,
,,
,,
,,
DisclaimerAccessibility FOIA Privacy Policies and Notices,,
